entity:ID,name,:LABEL
e0,民政部调运物资,my_entity
e1,宜昌市自然灾害救助指挥部,my_entity
e2,危房动员老百姓转移,my_entity
e3,距离,my_entity
e4,各地确保专款专用,my_entity
e5,小二型康家沟水库,my_entity
e6,极端天气影响,my_entity
e7,遭受洪涝风雹灾害的,my_entity
e8,县城多处被淹,my_entity
e9,支持,my_entity
e10,千亩以上圩堤溃决,my_entity
e11,农业部门组成工作组,my_entity
e12,当天通报,my_entity
e13,九江地,my_entity
e14,强降雨是直接原因,my_entity
e15,腾空库容,my_entity
e16,新居,my_entity
e17,福建省份遭受洪涝风雹灾害,my_entity
e18,临街商铺,my_entity
e19,重庆主城,my_entity
e20,较大挑战,my_entity
e21,常年同期2.9倍,my_entity
e22,来自拉萨市政府防汛抗旱指挥办公室消息,my_entity
e23,要求,my_entity
e24,大家,my_entity
e25,多生活可以,my_entity
e26,货物专用车,my_entity
e27,藏镍矿修路,my_entity
e28,地,my_entity
e29,当前处于防汛关键时刻,my_entity
e30,吃菜,my_entity
e31,副总理汪洋,my_entity
e32,化工原料桶,my_entity
e33,三明局地降雨量,my_entity
e34,贵州遭受袭击造成19个县市发生洪涝灾害,my_entity
e35,大量房屋,my_entity
e36,危险区域,my_entity
e37,山洪自然灾害,my_entity
e38,陕西洪涝灾区民房重建,my_entity
e39,洪涝灾害损失统计指标,my_entity
e40,很多游客,my_entity
e41,地质灾害气象风险,my_entity
e42,黄泽元,my_entity
e43,此次灾害原因之一,my_entity
e44,强降雨致41个县市遭受洪涝灾害,my_entity
e45,盆地湖,my_entity
e46,遭洪水袭击湘北局地,my_entity
e47,保证,my_entity
e48,阿坝州汶川县映秀镇,my_entity
e49,朱世强侯志红甘肃舟曲特大山洪泥石流灾害抢险救灾指挥部新闻中心,my_entity
e50,直接经济损失达1.75亿元人民币,my_entity
e51,三条流域片区,my_entity
e52,处龟兹矿业附近山谷,my_entity
e53,严重渭南市,my_entity
e54,各项指标,my_entity
e55,报制,my_entity
e56,云南昆明193毫米,my_entity
e57,岩石崩塌,my_entity
e58,一个强降雨云带,my_entity
e59,该县发生山洪灾害导致5人死亡,my_entity
e60,第一个灾区,my_entity
e61,严卫东主任,my_entity
e62,转移受灾群众,my_entity
e63,还有一个多月,my_entity
e64,甘肃庆阳设备公司,my_entity
e65,特大洪灾救援现场,my_entity
e66,引水隧洞突遇4人致遇难,my_entity
e67,中下游地,my_entity
e68,核灾工作重点,my_entity
e69,山阴县,my_entity
e70,抚远江段,my_entity
e71,受灾县市中超过5成以上,my_entity
e72,致电线落地,my_entity
e73,全国1311.9万人次受灾,my_entity
e74,柳树泉农场,my_entity
e75,万人9.9受灾,my_entity
e76,广东省公安消防总队,my_entity
e77,石羊哨段,my_entity
e78,灾区各地,my_entity
e79,地质灾害发生数量,my_entity
e80,安顺市关岭县,my_entity
e81,党政正职,my_entity
e82,教育卫生机构,my_entity
e83,多数民宅,my_entity
e84,凯圩内,my_entity
e85,如何,my_entity
e86,转移,my_entity
e87,陇南市宕昌县出现降雨天气,my_entity
e88,深入,my_entity
e89,救援队挖出,my_entity
e90,龙尾位置,my_entity
e91,防治县,my_entity
e92,本次天气过程,my_entity
e93,六十公分以下,my_entity
e94,中央预算水利资金,my_entity
e95,一个4岁孙女,my_entity
e96,牟定县委书记李绍文,my_entity
e97,十万人受困,my_entity
e98,干流湟源水文站,my_entity
e99,嘉陵江水位,my_entity
e100,防办人士,my_entity
e101,年久失修房屋,my_entity
e102,镇单日,my_entity
e103,扎草路抢修,my_entity
e104,水利抢险工作组,my_entity
e105,直接,my_entity
e106,东北冷涡影响,my_entity
e107,浮梁地,my_entity
e108,张家团,my_entity
e109,调度,my_entity
e110,王儒林领导,my_entity
e111,治理工程,my_entity
e112,超历史实测记录大洪水,my_entity
e113,梧州市藤县,my_entity
e114,赵牛新河禹城段险情,my_entity
e115,周红波,my_entity
e116,汉江大堤,my_entity
e117,江西持续暴雨天气,my_entity
e118,超过,my_entity
e119,县城一片汪洋,my_entity
e120,疏散民众,my_entity
e121,副总工程师陈文军,my_entity
e122,广西保持高度警惕,my_entity
e123,安徽安庆201毫米,my_entity
e124,被淹,my_entity
e125,索通村段,my_entity
e126,李克强,my_entity
e127,阶段性成果,my_entity
e128,灾后生产自救,my_entity
e129,崔亮辰,my_entity
e130,洪水下泄,my_entity
e131,诸多省份,my_entity
e132,普降大,my_entity
e133,巧家县委书记方宗辉,my_entity
e134,防汛紧急状态,my_entity
e135,部分城镇,my_entity
e136,中央自然灾害生活补助资金,my_entity
e137,朔州地强降雨引发洪涝灾害致使,my_entity
e138,待产孕妇,my_entity
e139,许多灾民,my_entity
e140,最近一次,my_entity
e141,桂西干旱区域,my_entity
e142,每平方公里,my_entity
e143,一口气,my_entity
e144,嫩江县防办,my_entity
e145,薄弱环节,my_entity
e146,这次强降雨过程造成13个市州,my_entity
e147,搜救中,my_entity
e148,长江中下游,my_entity
e149,连续性暴雨过程,my_entity
e150,干流河流,my_entity
e151,洪涝灾害致95个县,my_entity
e152,浙江安徽新疆,my_entity
e153,重庆市抢险中心,my_entity
e154,村落瑞金市瑞林镇民主村,my_entity
e155,省委领导精神,my_entity
e156,人遇难,my_entity
e157,西双版纳,my_entity
e158,副高控制,my_entity
e159,部分中小河水位县域内长潭河暴涨,my_entity
e160,隐患,my_entity
e161,齐腰深,my_entity
e162,几天时间,my_entity
e163,严重旱情,my_entity
e164,洪涝灾害呈现以下特点,my_entity
e165,著名景点,my_entity
e166,漫过,my_entity
e167,河池东南部,my_entity
e168,灾区群众吃饭,my_entity
e169,咸宁市组织部队,my_entity
e170,达州市气象台消息,my_entity
e171,木竹村交界响水沟地段,my_entity
e172,高方式,my_entity
e173,暴发洪灾造成经济损失超过1000万元人民币,my_entity
e174,泥泞路段,my_entity
e175,调运3万床棉被,my_entity
e176,今年,my_entity
e177,六安市金寨县,my_entity
e178,洪流对岸,my_entity
e179,突降单点暴雨,my_entity
e180,河北省张家口市农牧局谭地宋锦丰,my_entity
e181,暴露一些问题,my_entity
e182,江西信江中游赣江上游支流琴江,my_entity
e183,三成以上,my_entity
e184,针对此次灾情,my_entity
e185,级救灾应急响应启动,my_entity
e186,常务副总指挥黄泽元,my_entity
e187,出现等山洪灾情,my_entity
e188,一些群众,my_entity
e189,湖北沙洋,my_entity
e190,两支救援队,my_entity
e191,防汛抢险存在一些困难,my_entity
e192,湘江湘潭站,my_entity
e193,受到严重影响的,my_entity
e194,边防派出所,my_entity
e195,国家防总派工作组,my_entity
e196,通知,my_entity
e197,受损国道,my_entity
e198,雅安市雨城区,my_entity
e199,民房遭受冲击,my_entity
e200,民政部门配合有关部门,my_entity
e201,伙食救助点,my_entity
e202,内蒙古大兴安岭地区,my_entity
e203,救援力量,my_entity
e204,多处航道航段,my_entity
e205,导致都江堰市中兴镇三溪村突发山体滑坡,my_entity
e206,抚慰金,my_entity
e207,库车县组织,my_entity
e208,赣南灾区村民盼迁移,my_entity
e209,受灾范围,my_entity
e210,该县猛硐乡遭受强降雨袭击引发洪涝灾害,my_entity
e211,各级安排望谟县收到2065万元捐款,my_entity
e212,先后,my_entity
e213,大部分灾民,my_entity
e214,吉林中部局地,my_entity
e215,全乡断水,my_entity
e216,国家防总坚持放在首位,my_entity
e217,一座山城,my_entity
e218,指示,my_entity
e219,红色预警,my_entity
e220,严重仁化城口镇,my_entity
e221,上万户居民,my_entity
e222,一所中学内,my_entity
e223,宁夏黄河支流红柳河发生最大洪水,my_entity
e224,国家防汛抗旱总指挥部办公室举行发布会,my_entity
e225,小沙坪站,my_entity
e226,重庆市气象台台长刘德,my_entity
e227,江西遭受袭击,my_entity
e228,中北部出现大雨,my_entity
e229,损毁饮水工程3566处,my_entity
e230,拨款程序,my_entity
e231,李华,my_entity
e232,排洪调度,my_entity
e233,保证4.66米,my_entity
e234,武警交通部队,my_entity
e235,民众提供情况,my_entity
e236,部门政府办公大楼内,my_entity
e237,上千万元,my_entity
e238,低槽东移,my_entity
e239,一号命令,my_entity
e240,漫堤险情,my_entity
e241,致1人失踪灾害,my_entity
e242,黑龙江洪灾,my_entity
e243,炉房沟山洪暴发,my_entity
e244,下游流域,my_entity
e245,湖北有累计雨量达暴雨量级,my_entity
e246,村民们,my_entity
e247,导致游客困情况,my_entity
e248,甘肃省天水市,my_entity
e249,民政部副部长孙绍骋,my_entity
e250,江南地,my_entity
e251,达222毫米,my_entity
e252,拉萨市政府防汛抗旱指挥办公室,my_entity
e253,大范围降雨,my_entity
e254,河南468个乡镇,my_entity
e255,捐助款物,my_entity
e256,辽宁吉林局地,my_entity
e257,赣北东部,my_entity
e258,重现98年洪灾,my_entity
e259,新疆军区派出直升飞机,my_entity
e260,抗洪专家组,my_entity
e261,鹿心社领导,my_entity
e262,淤泥厚,my_entity
e263,一栋楼倒塌,my_entity
e264,下阶段做好搜救工作,my_entity
e265,地质隐患威胁,my_entity
e266,欧亚中高纬大气环流,my_entity
e267,市长书记,my_entity
e268,九江市共有累计降雨超过50毫米,my_entity
e269,百色市田林县利周乡平布村尾央屯,my_entity
e270,多地雨量创下,my_entity
e271,事发现场,my_entity
e272,四川渠县洪灾,my_entity
e273,皖南山区,my_entity
e274,营救工作,my_entity
e275,新疆库车县山区,my_entity
e276,确实,my_entity
e277,房屋倒塌,my_entity
e278,转移1550人,my_entity
e279,中华全国总工会拨付救灾款,my_entity
e280,不少民房,my_entity
e281,配变设备恢复,my_entity
e282,当地共有7.7万人受灾,my_entity
e283,倒塌民房7677户,my_entity
e284,受灾面积达1946千公顷,my_entity
e285,国家防总办公室副主任束庆鹏,my_entity
e286,有的,my_entity
e287,内蒙古赤峰,my_entity
e288,国务院政策例行吹风会,my_entity
e289,供水设施摧毁,my_entity
e290,至长江中下游一带,my_entity
e291,广西水利厅,my_entity
e292,多年同期,my_entity
e293,安康城区防汛指挥部,my_entity
e294,此次暴雨,my_entity
e295,下降,my_entity
e296,降水量事件,my_entity
e297,各地灾情,my_entity
e298,台风,my_entity
e299,包括居民家中进水电话,my_entity
e300,五大特点,my_entity
e301,部分县区,my_entity
e302,总面积10%,my_entity
e303,重点站,my_entity
e304,陆浑水库泄洪,my_entity
e305,来水增多,my_entity
e306,逾8万人大暴雨,my_entity
e307,不同作业区,my_entity
e308,近期长江上中,my_entity
e309,固阳县西斗铺镇有2人死亡,my_entity
e310,重灾区永吉县,my_entity
e311,附近宾馆里,my_entity
e312,受菲特影响,my_entity
e313,易镇,my_entity
e314,坝体垮塌,my_entity
e315,伊犁州新源县,my_entity
e316,严重经济损失,my_entity
e317,抚顺市,my_entity
e318,分散性,my_entity
e319,核查房屋情况,my_entity
e320,冲锋艇设备,my_entity
e321,办公楼一楼房屋,my_entity
e322,特大暴雨造成43.25万人受灾,my_entity
e323,内蒙古红花尔基水库泄洪,my_entity
e324,驶进高速路口,my_entity
e325,中国7677万人,my_entity
e326,山洪自然灾害造成受灾,my_entity
e327,贵东有中,my_entity
e328,江西省气候中心,my_entity
e329,溃坝的话,my_entity
e330,红河哈尼族彝族自治州金平苗族瑶族傣族自治县遭受洪涝,my_entity
e331,这次爆破,my_entity
e332,国家防总副总指挥黄明,my_entity
e333,治疗,my_entity
e334,医疗组,my_entity
e335,由于,my_entity
e336,苏甲乡,my_entity
e337,朔州地强降雨,my_entity
e338,刘俊,my_entity
e339,河流堤防,my_entity
e340,最远村子,my_entity
e341,全遵合,my_entity
e342,防疫组,my_entity
e343,绵阳市支援,my_entity
e344,展开救援,my_entity
e345,该省洪灾损失情况,my_entity
e346,高速公路养护管理部门,my_entity
e347,部分山区发生山体滑坡灾害,my_entity
e348,多方力量,my_entity
e349,无人员伤亡报告,my_entity
e350,商铺经营者,my_entity
e351,一辆出租车,my_entity
e352,强降水落区位,my_entity
e353,兰州军区某防化团,my_entity
e354,人为活动因素,my_entity
e355,株洲城市,my_entity
e356,下面,my_entity
e357,坏天气致使,my_entity
e358,超过保证水位洪峰,my_entity
e359,尾声,my_entity
e360,少35%,my_entity
e361,伊犁河谷出现降雨天气,my_entity
e362,王瑞程,my_entity
e363,多个省市,my_entity
e364,阿拉善左旗巴,my_entity
e365,前期旱情,my_entity
e366,灾情偏重,my_entity
e367,蔬菜,my_entity
e368,受切变,my_entity
e369,福州区间,my_entity
e370,当雄县雪山融雪,my_entity
e371,江津区,my_entity
e372,发展变化,my_entity
e373,永善县发生山洪灾害,my_entity
e374,深圳市南山区,my_entity
e375,投入,my_entity
e376,主要落区集中,my_entity
e377,一带遭受强过程,my_entity
e378,雨量大,my_entity
e379,其中之一,my_entity
e380,返贫,my_entity
e381,武汉市新洲区举水河,my_entity
e382,驻山东蓬莱B-7313直升机,my_entity
e383,德阳地,my_entity
e384,女儿,my_entity
e385,第二大洪峰,my_entity
e386,刘忠俊姜学华,my_entity
e387,陇南市农村公路抢通情况,my_entity
e388,悼念活动,my_entity
e389,其他,my_entity
e390,都昌重灾区,my_entity
e391,困群众76人,my_entity
e392,受灾人口超过50万人,my_entity
e393,崩塌,my_entity
e394,赤峰市引发洪灾造成399354人受灾,my_entity
e395,出现管涌,my_entity
e396,下阶段,my_entity
e397,疏散的,my_entity
e398,李元明,my_entity
e399,陕西蓝天救援队,my_entity
e400,已组织,my_entity
e401,村民农忠贵,my_entity
e402,多条铁路线中断,my_entity
e403,万亩大堤决口,my_entity
e404,辽宁鞍山岫岩满族自治县,my_entity
e405,开沟渠里淤泥,my_entity
e406,宜昌夷陵区,my_entity
e407,最大冰雹直径,my_entity
e408,有的遇难者尸体裹着床单被褥,my_entity
e409,崇州观胜镇14组,my_entity
e410,化工原料桶冲入松花江中,my_entity
e411,搬迁条件,my_entity
e412,安徽洪灾,my_entity
e413,潭美生成,my_entity
e414,湖南降雨,my_entity
e415,北部大同迎来降水过程,my_entity
e416,上游汉中地区,my_entity
e417,川陕鲁苏辽局地,my_entity
e418,铁路公路干线发生洪水断道,my_entity
e419,五个督导组,my_entity
e420,河北省易县,my_entity
e421,镇卫生院,my_entity
e422,国家减灾委工作组国家减灾委秘书长姜力率领,my_entity
e423,沙袋,my_entity
e424,多地农田被淹,my_entity
e425,近100人,my_entity
e426,豫晋地,my_entity
e427,中下游地区,my_entity
e428,浸泡,my_entity
e429,南口前镇海阳村河边,my_entity
e430,主雨带,my_entity
e431,红河哈尼族彝族自治州金平苗族瑶族傣族自治县,my_entity
e432,损失120亿,my_entity
e433,云南鱼洞,my_entity
e434,黔东南州做好强降雨工作,my_entity
e435,一万五千多人,my_entity
e436,累计砖围界冲垮,my_entity
e437,洪涝灾害造成23个旗县受灾,my_entity
e438,赣湘黔局地,my_entity
e439,太湖防总科学,my_entity
e440,善后,my_entity
e441,省级专家指导,my_entity
e442,开闸,my_entity
e443,四川省雅安市汉源县万工乡境内后背山发生山体滑坡,my_entity
e444,屏山县局部,my_entity
e445,结合办法,my_entity
e446,死亡17人,my_entity
e447,吴火招,my_entity
e448,各乡镇组织危险区域群众,my_entity
e449,新疆兵团新湖农场2日,my_entity
e450,水雨情检测数据,my_entity
e451,高强度降雨量叠加,my_entity
e452,明显缓解,my_entity
e453,大型器械,my_entity
e454,出现强对流天气,my_entity
e455,来自广西壮族自治区凌云县防汛抗旱指挥部消息,my_entity
e456,受灾人口1.83万,my_entity
e457,云南省昭通市卫生局副局长邵光奎,my_entity
e458,机关单位转移,my_entity
e459,泄洪造成影响,my_entity
e460,四川省达州市,my_entity
e461,甘肃局地有40降雨,my_entity
e462,严重灾情,my_entity
e463,石河子市石南农场,my_entity
e464,多处线路区间雨量超标,my_entity
e465,宣城市广德县,my_entity
e466,湖南省交通运输厅,my_entity
e467,每秒左右,my_entity
e468,金寨汤家汇镇洪灾,my_entity
e469,各级,my_entity
e470,力量深入灾区,my_entity
e471,民政部副部长姜力,my_entity
e472,排险除险,my_entity
e473,低问题,my_entity
e474,邻居赵永新大声呼喊,my_entity
e475,村民邓雷中,my_entity
e476,数十趟列车晚点,my_entity
e477,运行秩序,my_entity
e478,一辆轿车淹没,my_entity
e479,河西镇,my_entity
e480,连日来暴雨灾害影响,my_entity
e481,阿热勒,my_entity
e482,袭击,my_entity
e483,完成无害化处理任务,my_entity
e484,山泉水,my_entity
e485,涞源县安置,my_entity
e486,米林地方出现地质灾害,my_entity
e487,喀纳斯旅游后方大本营,my_entity
e488,大水库运行,my_entity
e489,受灾一线,my_entity
e490,沈娅张伟民,my_entity
e491,县里面电,my_entity
e492,嫩江洪峰,my_entity
e493,很遗憾,my_entity
e494,天水市预备役步兵旅救援队,my_entity
e495,天水军分区,my_entity
e496,最大降雨,my_entity
e497,陕西,my_entity
e498,多种因素定性为特大暴雨造成特大山洪泥石流灾害,my_entity
e499,暴雨情况,my_entity
e500,关于紧急通知,my_entity
e501,甘肃3市州强降雨,my_entity
e502,福建省,my_entity
e503,西藏自治区民政厅,my_entity
e504,大儿子两口子,my_entity
e505,青海海西州温泉水库水位涨势趋缓,my_entity
e506,中国财政部,my_entity
e507,全部家当,my_entity
e508,中共云南省委副书记李纪恒,my_entity
e509,重要批示,my_entity
e510,强降雨天气,my_entity
e511,北京中新社,my_entity
e512,洪峰中间,my_entity
e513,包括地,my_entity
e514,强降雨坏话出现洪涝灾情,my_entity
e515,保定中部,my_entity
e516,泥石流淤泥陷车,my_entity
e517,保山市隆阳区,my_entity
e518,暴雨,my_entity
e519,汽车,my_entity
e520,孙玉英,my_entity
e521,雨水情发展,my_entity
e522,青稞农作物被淹,my_entity
e523,指挥长,my_entity
e524,国网福建电力,my_entity
e525,大规模滑坡,my_entity
e526,李纪恒领导,my_entity
e527,供电铁塔冲,my_entity
e528,转移准备,my_entity
e529,集中成片地建设,my_entity
e530,贵州全省出现7乡镇,my_entity
e531,偏差,my_entity
e532,桂林市永福县金鸡河水库观测站357.5毫米,my_entity
e533,甘肃省正值暴雨主汛期,my_entity
e534,于本洋,my_entity
e535,民政有关部门负责人,my_entity
e536,到大雨,my_entity
e537,救灾物资,my_entity
e538,面粉,my_entity
e539,中国红十字会总会,my_entity
e540,准确预报,my_entity
e541,洪水灾害致12人遇难,my_entity
e542,北部大同,my_entity
e543,各地重视学校安全管理工作,my_entity
e544,王兴於,my_entity
e545,池州贵池区,my_entity
e546,各级政府,my_entity
e547,转移是重要举措,my_entity
e548,大婴儿,my_entity
e549,出现54次洪峰,my_entity
e550,场区,my_entity
e551,若羌县祁曼地区,my_entity
e552,平均降雨量为28.4毫米,my_entity
e553,不力,my_entity
e554,该省有降水过程,my_entity
e555,涌入洪水冲走,my_entity
e556,出现暴雨过程致使,my_entity
e557,麦德姆,my_entity
e558,成都市崇州市受灾,my_entity
e559,长江洪水,my_entity
e560,帮助,my_entity
e561,一辆救护车使用,my_entity
e562,重庆省份,my_entity
e563,人口43254人,my_entity
e564,甘肃西端,my_entity
e565,数百人受灾,my_entity
e566,-477毫米,my_entity
e567,遭遇,my_entity
e568,响应等级,my_entity
e569,金寨汤家汇镇豹迹岩村村民们,my_entity
e570,大理白族自治州云龙县漕涧镇风水岭鸿信矿业公司,my_entity
e571,全国进入主汛期,my_entity
e572,使得,my_entity
e573,生命危险,my_entity
e574,安康境内,my_entity
e575,强降雨过程导致有地方转洪涝灾害,my_entity
e576,有的遇难者尸体,my_entity
e577,木垒县,my_entity
e578,最新资料,my_entity
e579,支流雪水河,my_entity
e580,第五场,my_entity
e581,超警1.2m左右洪峰,my_entity
e582,损房屋数量,my_entity
e583,抚州地,my_entity
e584,男性尸体,my_entity
e585,历史记录,my_entity
e586,袭击湖南,my_entity
e587,铁路干线,my_entity
e588,信誉度,my_entity
e589,抚顺上空,my_entity
e590,洪涝灾害导致8万人受灾,my_entity
e591,所有水系,my_entity
e592,广安市委,my_entity
e593,为主,my_entity
e594,黑龙江流域有明显降雨,my_entity
e595,受困村镇,my_entity
e596,五省市,my_entity
e597,遵义地,my_entity
e598,正在,my_entity
e599,降雨量超过100毫米的,my_entity
e600,一件事情,my_entity
e601,救助飞行队,my_entity
e602,基本生活保障工作,my_entity
e603,简称国家防总国家防汛抗旱总指挥部,my_entity
e604,死亡人口,my_entity
e605,四川德阳震灾区,my_entity
e606,澧县雷公塔站167.9毫米,my_entity
e607,黑瞎子岛水位,my_entity
e608,交通各部门,my_entity
e609,河北省民政厅23日,my_entity
e610,红基会,my_entity
e611,辽宁省丹东市宽甸县,my_entity
e612,进行责任调查,my_entity
e613,个别地方,my_entity
e614,记录以来,my_entity
e615,挖掘机,my_entity
e616,有汽车挡风玻璃被砸,my_entity
e617,阿勒泰地区布尔津县,my_entity
e618,黔东南州,my_entity
e619,生活救助资金,my_entity
e620,减灾委办公室,my_entity
e621,两湖连,my_entity
e622,核查小组,my_entity
e623,严防死守,my_entity
e624,中西部普降大雨,my_entity
e625,当地,my_entity
e626,顾立军索,my_entity
e627,响应机制,my_entity
e628,车辆免费通行,my_entity
e629,涉及停电居民,my_entity
e630,介绍上述情况的,my_entity
e631,喝干净饮用水,my_entity
e632,这三人死于2012年8月4日,my_entity
e633,更高楼层,my_entity
e634,阴雨天气,my_entity
e635,该省要求采取非常规做法,my_entity
e636,来自官方消息,my_entity
e637,棉被物资,my_entity
e638,江西省东部,my_entity
e639,吉林省有一场降雨,my_entity
e640,徐杨�t四川省防汛抗旱指挥部发布信息,my_entity
e641,级升级,my_entity
e642,洪水防御,my_entity
e643,段君明,my_entity
e644,广元市农作物基础设施,my_entity
e645,观山村地表层土质,my_entity
e646,多家单位,my_entity
e647,当天南口前镇,my_entity
e648,冷暖空气,my_entity
e649,直升飞机,my_entity
e650,加派工作组赴雨情汛情,my_entity
e651,家属安抚工作,my_entity
e652,笑脸,my_entity
e653,该县境内暴雨,my_entity
e654,恢复供水需一周时间,my_entity
e655,不同程度,my_entity
e656,广西左江洪峰,my_entity
e657,水毁道路恢复通行能力,my_entity
e658,建筑工地遭遇山洪袭击,my_entity
e659,城乡供水,my_entity
e660,有阵雨,my_entity
e661,七大流域,my_entity
e662,联合,my_entity
e663,黄启元张金川,my_entity
e664,辽宁东南部,my_entity
e665,广东,my_entity
e666,榆中县金崖镇3位村民,my_entity
e667,和田地区皮山县,my_entity
e668,历史同期第1位,my_entity
e669,损毁耕地呈现地,my_entity
e670,指导有关工作,my_entity
e671,房屋24966间,my_entity
e672,当地老百姓,my_entity
e673,多数民宅没了门窗,my_entity
e674,人员困区域,my_entity
e675,小雨,my_entity
e676,坝顶,my_entity
e677,安全,my_entity
e678,撤离之中,my_entity
e679,东营地,my_entity
e680,初步统计,my_entity
e681,暴雨引发泥石流致使,my_entity
e682,各类自然灾害,my_entity
e683,全省大部,my_entity
e684,交通部门关注实时天气预报,my_entity
e685,各级各部门强化精准预报工作,my_entity
e686,首席分析师马禹,my_entity
e687,达州市有关部门,my_entity
e688,六安市舒城县桃溪桥,my_entity
e689,因素,my_entity
e690,恢复,my_entity
e691,人民群众生命安全,my_entity
e692,党中央部署,my_entity
e693,两名失踪者遗体,my_entity
e694,中新网8月2日电中国气象局,my_entity
e695,贵州黔西南州贞丰县大寨水库发生漫坝,my_entity
e696,地方实际,my_entity
e697,牲畜死亡,my_entity
e698,张家界市109.3毫米,my_entity
e699,确认中,my_entity
e700,雅安市天全县小河乡龙六村,my_entity
e701,最重嫩江县做防范部署,my_entity
e702,该县猛硐乡,my_entity
e703,顽强生命力,my_entity
e704,有关领导,my_entity
e705,重庆綦江富屯溪支流金溪,my_entity
e706,干流哈尔滨水文站出现一遇洪峰,my_entity
e707,中国内陆腹地,my_entity
e708,交通干线,my_entity
e709,党政负责人组织各项工作,my_entity
e710,龙王爷,my_entity
e711,家中淤泥,my_entity
e712,漫民房图,my_entity
e713,大雨侵袭,my_entity
e714,贵州省减灾委秘书长张惠明,my_entity
e715,左右19.7米洪峰,my_entity
e716,雨城区中里镇龙泉村十组刘国凯,my_entity
e717,中国八省逾亿亩农作物,my_entity
e718,该县猛硐乡遭受强降雨袭击,my_entity
e719,陕北南部,my_entity
e720,甘肃省委组织人力,my_entity
e721,陇南消防支队救援队,my_entity
e722,以来,my_entity
e723,县城老城龙潭街,my_entity
e724,重型消防车上,my_entity
e725,级提升,my_entity
e726,指挥员,my_entity
e727,常委会议,my_entity
e728,都江堰市龙池造成1人遇难,my_entity
e729,是设施,my_entity
e730,中共中央政治局常委李克强,my_entity
e731,电力恢复,my_entity
e732,做好等吃穿工作,my_entity
e733,北大湖镇地交通中断,my_entity
e734,为有第三位2190立方米,my_entity
e735,造成伤亡现象,my_entity
e736,该省,my_entity
e737,成立7个工作组,my_entity
e738,强降雨过程,my_entity
e739,暴雨周强,my_entity
e740,当地气象部门,my_entity
e741,阿克苏市阿依库勒镇,my_entity
e742,新一轮暴雨,my_entity
e743,四级响应,my_entity
e744,两亿,my_entity
e745,党政干部帮助时候,my_entity
e746,四川省有关方面,my_entity
e747,千余人困,my_entity
e748,当地消防人员,my_entity
e749,广东省民政厅报告,my_entity
e750,万人,my_entity
e751,木材加工厂围墙冲垮,my_entity
e752,安徽南部黄山,my_entity
e753,猛硐瑶族乡,my_entity
e754,库车县正组织保险公司,my_entity
e755,赣南山区客家村落瑞林镇,my_entity
e756,湖北恩施市,my_entity
e757,全省海口,my_entity
e758,甘洛县致使,my_entity
e759,部分变电所,my_entity
e760,新闻发言人张家团,my_entity
e761,停放车辆,my_entity
e762,内蒙古自治区包头市固阳县李爱平,my_entity
e763,丛洋长,my_entity
e764,两万多名民众,my_entity
e765,确保口粮需要,my_entity
e766,不断,my_entity
e767,省委书记王儒林,my_entity
e768,普洱六县,my_entity
e769,各级公安机关,my_entity
e770,受降雨影响,my_entity
e771,歉意,my_entity
e772,领导干部力量投入抗洪抢险,my_entity
e773,台风纳沙余威未平,my_entity
e774,使用,my_entity
e775,困人员解救,my_entity
e776,发生的,my_entity
e777,广西崇左市民众,my_entity
e778,暴雨洪灾致7个县受灾,my_entity
e779,重庆四川贵州,my_entity
e780,大理白族自治州云龙县长新乡,my_entity
e781,山脉217国道中段发生特大洪灾,my_entity
e782,湖南青海局地,my_entity
e783,出现100大暴雨,my_entity
e784,四川部分地方发生洪涝灾情,my_entity
e785,两万八千余人受灾,my_entity
e786,保障基本生活,my_entity
e787,镇雄县鱼洞乡突降暴雨,my_entity
e788,肆虐场景,my_entity
e789,渠江镇,my_entity
e790,领导干部力量,my_entity
e791,牙克石市图里河镇28日,my_entity
e792,落汤鸡,my_entity
e793,民政部门填报国家自然灾害灾情信息系统快报表,my_entity
e794,广西来宾443毫米,my_entity
e795,群众生活,my_entity
e796,全力,my_entity
e797,受冷暖空气影响,my_entity
e798,叶城县棋盘乡,my_entity
e799,粮食价格,my_entity
e800,接二连三降雨,my_entity
e801,居民神丙荣,my_entity
e802,损毁等交通基础设施,my_entity
e803,临沧市镇康县忙丙乡,my_entity
e804,生活救助,my_entity
e805,重点项目之一,my_entity
e806,广西民政厅负责人,my_entity
e807,受灾聊城市,my_entity
e808,人员被埋,my_entity
e809,自治区副主席郝林海吴玉才,my_entity
e810,地形地质是物质基础,my_entity
e811,现场车辆通行,my_entity
e812,三个村,my_entity
e813,解放军,my_entity
e814,调查中,my_entity
e815,湘西北,my_entity
e816,礼县,my_entity
e817,舟曲县8,my_entity
e818,湖南中北部,my_entity
e819,广西梧州降雨,my_entity
e820,贵州省铜仁市北部局地,my_entity
e821,黄山区龙门乡,my_entity
e822,云南盈江洪涝,my_entity
e823,统一谋划,my_entity
e824,抢险人员安全,my_entity
e825,用于等受灾方面,my_entity
e826,新疆发生据统计,my_entity
e827,南昌,my_entity
e828,财产人员损失,my_entity
e829,全国降雨分布呈多格局,my_entity
e830,部分铁路线,my_entity
e831,多趟旅客列车出现不同程度晚点,my_entity
e832,左右80毫米,my_entity
e833,连日来暴雨造成29个县受灾,my_entity
e834,柳江江河,my_entity
e835,街道受淹现象,my_entity
e836,较轻,my_entity
e837,热腾腾饭菜,my_entity
e838,渗漏险情,my_entity
e839,沉淀后河水,my_entity
e840,水位降至60.09米,my_entity
e841,大雨到暴雨,my_entity
e842,三江口以上江段全线,my_entity
e843,中国南方,my_entity
e844,没有,my_entity
e845,部分耕地冲毁,my_entity
e846,困村民,my_entity
e847,记者刘忠俊,my_entity
e848,中等鲁西地,my_entity
e849,河道,my_entity
e850,呼伦贝尔市境内,my_entity
e851,到2040毫米大雨,my_entity
e852,混合型洪水,my_entity
e853,采取临时措施,my_entity
e854,防汛设施修复工作,my_entity
e855,一级战备状态,my_entity
e856,供电通讯,my_entity
e857,长江中下游干流水位,my_entity
e858,上升态势,my_entity
e859,部分地区强降水造成城市积水,my_entity
e860,广西壮族自治区凌云县防汛抗旱指挥部,my_entity
e861,四川盆地出现强降水过程,my_entity
e862,南郑报告灾情,my_entity
e863,漂流景区受损,my_entity
e864,省委书记春华邓海光,my_entity
e865,滑坡灾害致13人死33人,my_entity
e866,洪涝灾害造成600余间房屋倒塌,my_entity
e867,户口本登记事项变更,my_entity
e868,德江县枫溪镇,my_entity
e869,暴雨风雹灾害,my_entity
e870,毛细血管,my_entity
e871,暴雨致25万多人49个乡镇受灾,my_entity
e872,该省倒塌1200余间,my_entity
e873,干流出现高洪水位,my_entity
e874,土壤饱和,my_entity
e875,太湖骨干水利工程,my_entity
e876,降低因损失,my_entity
e877,昭阳区委宣传部副部长夏文炳,my_entity
e878,新一轮强降水预报工作,my_entity
e879,中新网南昌6月14日电王剑罗光琪,my_entity
e880,落石行车受阻,my_entity
e881,北部地区出现强降雨过程,my_entity
e882,多处散渗,my_entity
e883,露水河林业局,my_entity
e884,渠江广安站,my_entity
e885,灾后重建,my_entity
e886,退垸,my_entity
e887,最大冰雹直径为左右80毫米,my_entity
e888,消息,my_entity
e889,广元地,my_entity
e890,陕西发生大范围强降水过程,my_entity
e891,A级景区,my_entity
e892,残留云系影响,my_entity
e893,水库漫坝,my_entity
e894,高度重视,my_entity
e895,湖南省杜家毫省长,my_entity
e896,中断达15条,my_entity
e897,天气过程造成市遭受暴雨灾害,my_entity
e898,信息日报制,my_entity
e899,上述地区出现明显降雨,my_entity
e900,巧家县小河镇政府所在地附近,my_entity
e901,山东全省投入11.9万台套设备,my_entity
e902,汪洋副总理李克强,my_entity
e903,武侯镇站,my_entity
e904,动车组列车,my_entity
e905,最小的,my_entity
e906,防洪措施落实情况,my_entity
e907,财政收入15%以上,my_entity
e908,喜坪村上坪小组,my_entity
e909,乌苏市消防部门,my_entity
e910,塔城地,my_entity
e911,陕西省出现秋淋天气,my_entity
e912,四方面困难,my_entity
e913,黑龙江省阿什河,my_entity
e914,中断,my_entity
e915,江西省减灾委启动省级救灾级应急响应,my_entity
e916,坝顶以下1.2米,my_entity
e917,部分地区遭受洪涝灾害,my_entity
e918,杨福珍,my_entity
e919,山东17县,my_entity
e920,浙江贵州两省减灾委,my_entity
e921,记者,my_entity
e922,莲花塘江段,my_entity
e923,受强台风尤特影响,my_entity
e924,永安河开城桥站,my_entity
e925,惊魂未定村民,my_entity
e926,开展抗灾,my_entity
e927,彝良县人民医院,my_entity
e928,发展改革委,my_entity
e929,彝良震灾区,my_entity
e930,救援命令,my_entity
e931,倒塌房屋中,my_entity
e932,该县博望街道办江湾社区,my_entity
e933,正宁县局部地区降暴雨,my_entity
e934,时机进山,my_entity
e935,中新社茂名9月22日电梁盛梁远东葛燕梅,my_entity
e936,下拨资金投向五省市,my_entity
e937,公路水毁,my_entity
e938,补助政策,my_entity
e939,宣传部副部长孟贤才,my_entity
e940,受灾民众居住,my_entity
e941,引水渠,my_entity
e942,灾害灾情发生,my_entity
e943,浙江广东云南,my_entity
e944,云南麻栗坡,my_entity
e945,累计雨量,my_entity
e946,居住类物资,my_entity
e947,―10天,my_entity
e948,闽西地区,my_entity
e949,暴雨灾区抗灾,my_entity
e950,高空气温上升,my_entity
e951,市委常委马正其率工作组,my_entity
e952,卫星基站,my_entity
e953,收集中,my_entity
e954,九个区县,my_entity
e955,今年4,my_entity
e956,县电信局办公楼,my_entity
e957,目前,my_entity
e958,市委副书记黄泽元,my_entity
e959,江南,my_entity
e960,娘娘坝所在秦州区,my_entity
e961,频繁,my_entity
e962,监督管理,my_entity
e963,副厅长褚瑞云,my_entity
e964,部分地区强降水,my_entity
e965,娄底,my_entity
e966,赶往现场途中,my_entity
e967,宝库乡,my_entity
e968,塌方自然灾害,my_entity
e969,民众盼望降雨,my_entity
e970,徐银海,my_entity
e971,安全转移,my_entity
e972,农村考生,my_entity
e973,橙色预警,my_entity
e974,防治项目建设,my_entity
e975,长江巴南区鱼洞段水位达到193.6米,my_entity
e976,特大暴雨引发洪水造成76人死亡,my_entity
e977,两部委,my_entity
e978,大庆市林甸县,my_entity
e979,搬粮坡组,my_entity
e980,杨柳湾地发生滑坡,my_entity
e981,赤峰市阿鲁科尔沁旗,my_entity
e982,最大锦江水库,my_entity
e983,低压槽影响,my_entity
e984,副指挥长朱宪生,my_entity
e985,连日降雨致使,my_entity
e986,防洪工程巡查排险,my_entity
e987,详细情况,my_entity
e988,永吉县启动自然灾害救助级响应,my_entity
e989,巨大损失,my_entity
e990,土壤表层里面,my_entity
e991,同样,my_entity
e992,附近,my_entity
e993,内蒙古呼伦贝尔根河市宣传部副部长李元明,my_entity
e994,河南省气象台,my_entity
e995,一片,my_entity
e996,新疆北部,my_entity
e997,原始红松母树林,my_entity
e998,西拉沐沦河河流,my_entity
e999,生产企业,my_entity
e1000,中华全国总工会,my_entity
e1001,水体面积达611.6平方公里,my_entity
e1002,汕头市潮南区,my_entity
e1003,汉江白河站,my_entity
e1004,党组书记李华,my_entity
e1005,清远灾区,my_entity
e1006,警戒,my_entity
e1007,房子浸泡居民,my_entity
e1008,热带气旋中,my_entity
e1009,甘南州市,my_entity
e1010,三十多户进水,my_entity
e1011,贵州正安,my_entity
e1012,核灾工作领导小组,my_entity
e1013,达州市渠县县城水源污染,my_entity
e1014,气象观测站发生降水量事件,my_entity
e1015,中国南方地区发生汛情,my_entity
e1016,陕西省南部汉中市,my_entity
e1017,马禹,my_entity
e1018,天然入库洪峰流量,my_entity
e1019,四川省阿坝藏族自治州汶川县映秀镇枫香树村红村沟,my_entity
e1020,抢险队伍,my_entity
e1021,专门工作人员,my_entity
e1022,成为危房,my_entity
e1023,惨重,my_entity
e1024,东乡县县乡村干部,my_entity
e1025,洪峰泄洪到达呼伦贝尔市海拉尔区,my_entity
e1026,广西县,my_entity
e1027,部分街道排水不及,my_entity
e1028,一位官员,my_entity
e1029,造成70人20个省份死亡,my_entity
e1030,四川各地消防部队,my_entity
e1031,7.7万人受灾,my_entity
e1032,带来许多困难,my_entity
e1033,连日来暴雨致36.43万人受灾,my_entity
e1034,于国安,my_entity
e1035,几十台挖掘机,my_entity
e1036,每秒300立方米,my_entity
e1037,乌兰洪水救援现场,my_entity
e1038,水情预警员,my_entity
e1039,穆营村党支部书记,my_entity
e1040,强降雨突破极值,my_entity
e1041,邵阳市新宁县,my_entity
e1042,受灾地区搜救失踪人员,my_entity
e1043,公路上,my_entity
e1044,安置点搭好帐篷,my_entity
e1045,上千座水库,my_entity
e1046,文县8・7暴洪泥石流灾害致15420亩面积,my_entity
e1047,官方启国家四级救灾应急响应,my_entity
e1048,抽调相关人员,my_entity
e1049,昭通市市长王敏正,my_entity
e1050,自己家里,my_entity
e1051,道路抢310处,my_entity
e1052,搜救小分队,my_entity
e1053,地形地质,my_entity
e1054,救灾物资帐篷,my_entity
e1055,洪灾致122人死亡失踪,my_entity
e1056,低洼地带进水被淹,my_entity
e1057,一人在家,my_entity
e1058,局部大暴雨,my_entity
e1059,淮河出现洪水过程,my_entity
e1060,雨威力,my_entity
e1061,采取有效措施,my_entity
e1062,狼藉家园,my_entity
e1063,通村道路堵塞,my_entity
e1064,汉川堤坝,my_entity
e1065,一辆轿车,my_entity
e1066,统计中,my_entity
e1067,问题,my_entity
e1068,多种因素定性为特大暴雨,my_entity
e1069,鲁滇晋,my_entity
e1070,其余,my_entity
e1071,遭遇强暴雨,my_entity
e1072,救灾工作经验,my_entity
e1073,喀什地区疏附,my_entity
e1074,融雪性洪水,my_entity
e1075,公共服务司司长陈振林,my_entity
e1076,省防办负责人,my_entity
e1077,统计数据,my_entity
e1078,富荣镇,my_entity
e1079,受灾人员转移,my_entity
e1080,罕见早汛,my_entity
e1081,婺源县大鄣山乡鄣山站297毫米,my_entity
e1082,入库水量,my_entity
e1083,广西东部岑溪市,my_entity
e1084,贵州省毕节市,my_entity
e1085,受灾群众返回自己家里,my_entity
e1086,遇难人数是洪涝灾害所致,my_entity
e1087,受灾人口达到112万多人,my_entity
e1088,困扰,my_entity
e1089,万源市东部,my_entity
e1090,视频会商会,my_entity
e1091,搬迁的,my_entity
e1092,广西自治区气象局,my_entity
e1093,临夏州市阴,my_entity
e1094,全面消毒,my_entity
e1095,辽宁抚顺市政府,my_entity
e1096,永州市道县县城多处低洼处,my_entity
e1097,第一次泄洪,my_entity
e1098,此处,my_entity
e1099,新疆陆航旅飞机,my_entity
e1100,消防官兵,my_entity
e1101,七成以上用户,my_entity
e1102,洪水有人员困,my_entity
e1103,政府网,my_entity
e1104,瞒报洪灾死亡人数,my_entity
e1105,降雨量达108.6毫米,my_entity
e1106,应急指挥部紧急会议,my_entity
e1107,山洪灾害防治区,my_entity
e1108,发生洪水导致885个乡镇受灾,my_entity
e1109,满屋子泥浆,my_entity
e1110,防汛行政首长,my_entity
e1111,灾害造成1人死亡,my_entity
e1112,着床单被褥,my_entity
e1113,副组长,my_entity
e1114,调用大功率离心泵,my_entity
e1115,特大暴雨洪水,my_entity
e1116,河水猛涨,my_entity
e1117,惊魂未定凌晨山洪,my_entity
e1118,河南省栾川县潭头镇汤营村伊河大桥,my_entity
e1119,大中型水库中,my_entity
e1120,紧急部署,my_entity
e1121,需加强沅水堤防两手抓,my_entity
e1122,库车县消防大队,my_entity
e1123,去年海葵台风,my_entity
e1124,第二次灾害,my_entity
e1125,大量泥石,my_entity
e1126,进一步核查当中,my_entity
e1127,捐赠仪式,my_entity
e1128,凉山地,my_entity
e1129,西伸,my_entity
e1130,贵州省水利厅厅长黄家培,my_entity
e1131,防震棚里,my_entity
e1132,其中温德河,my_entity
e1133,责任追究制,my_entity
e1134,损失,my_entity
e1135,该省水文局,my_entity
e1136,滑坡次生灾害,my_entity
e1137,前六个月降雨量总和,my_entity
e1138,当前,my_entity
e1139,救灾预警响应,my_entity
e1140,不具备搬迁条件的,my_entity
e1141,琼海成为最多一天,my_entity
e1142,站点,my_entity
e1143,作业平台,my_entity
e1144,交通各部门抢修基础工程,my_entity
e1145,书记胡春华,my_entity
e1146,强降水成因,my_entity
e1147,这一天下雨,my_entity
e1148,度汛保安,my_entity
e1149,冷锋切变线影响,my_entity
e1150,南多北少分布,my_entity
e1151,松花江中,my_entity
e1152,赈济家庭箱,my_entity
e1153,湖南平江暴雨,my_entity
e1154,六个方面工作,my_entity
e1155,包头市固阳县西斗铺镇,my_entity
e1156,自然保护区有关部门,my_entity
e1157,受损电力设施,my_entity
e1158,部分乡镇省道被淹,my_entity
e1159,技术负责人,my_entity
e1160,已有1500余名军警实施紧急救援,my_entity
e1161,该市石棉县,my_entity
e1162,大暴雨袭击,my_entity
e1163,受灾损失2751.6亿,my_entity
e1164,各级减灾办,my_entity
e1165,牛山湖,my_entity
e1166,娘娘坝所在秦州区转移一万五千多人,my_entity
e1167,新闻发布会,my_entity
e1168,综合演习,my_entity
e1169,村庄,my_entity
e1170,这个,my_entity
e1171,五大河流三条,my_entity
e1172,近两米,my_entity
e1173,有利,my_entity
e1174,海北地,my_entity
e1175,丽江市华坪县,my_entity
e1176,紧迫工作就是让,my_entity
e1177,内江地局部,my_entity
e1178,米脂县,my_entity
e1179,双丰村段,my_entity
e1180,民房重建,my_entity
e1181,廖丽丽奚婉婷强台风尤特,my_entity
e1182,正在进行的,my_entity
e1183,垮塌事件,my_entity
e1184,南方遭遇强降雨天气过程,my_entity
e1185,台风尼伯特生成,my_entity
e1186,江河部分河段超警戒水位,my_entity
e1187,突降暴雨导致特大洪灾,my_entity
e1188,Ⅲ级,my_entity
e1189,水库垮坝,my_entity
e1190,曹仁平遗体,my_entity
e1191,联合新闻通气会,my_entity
e1192,局地暴雨洪水,my_entity
e1193,湖南国省干线,my_entity
e1194,棉被物资装载任务,my_entity
e1195,多个省区遭遇洪灾,my_entity
e1196,受灾人口人数,my_entity
e1197,融雪型春洪,my_entity
e1198,抚顺市各界代表,my_entity
e1199,江西赣北地区,my_entity
e1200,置学校,my_entity
e1201,岑溪市,my_entity
e1202,省乡,my_entity
e1203,张文远,my_entity
e1204,吸纳社会资源,my_entity
e1205,达州市已有49个气象站点,my_entity
e1206,焦洞水库,my_entity
e1207,县城居民,my_entity
e1208,青川县基础设施受损,my_entity
e1209,云南巧家20万拨,my_entity
e1210,湖南地灾情扩大,my_entity
e1211,朝鲁省领导,my_entity
e1212,乡党委政府,my_entity
e1213,毕节市共有138个乡镇发生洪涝灾害,my_entity
e1214,吉林省珲春市普降大雨,my_entity
e1215,降雨天气,my_entity
e1216,完成核灾抽查,my_entity
e1217,十余起警情,my_entity
e1218,形势,my_entity
e1219,阶段性,my_entity
e1220,搜救队员,my_entity
e1221,境内乐安河水位,my_entity
e1222,强降雨,my_entity
e1223,水源污染,my_entity
e1224,近日,my_entity
e1225,加强雨情隐患点监测,my_entity
e1226,蓄滞洪区,my_entity
e1227,地处陕西省南部安康市遭受百年不遇,my_entity
e1228,旅游团队,my_entity
e1229,潼南境内洪水,my_entity
e1230,各级防汛指挥长,my_entity
e1231,和达县,my_entity
e1232,不少,my_entity
e1233,省委书记张宝顺领导,my_entity
e1234,榆林市之外,my_entity
e1235,贵州省气象部门数据,my_entity
e1236,陕西商洛,my_entity
e1237,其中,my_entity
e1238,十堰市部分乡镇,my_entity
e1239,有关部门,my_entity
e1240,眼泪,my_entity
e1241,和谐,my_entity
e1242,新一轮强降雨造成多条河流出现大洪水,my_entity
e1243,李家乡乡镇,my_entity
e1244,辽宁省委,my_entity
e1245,车辆14641台,my_entity
e1246,共有200余名代表参加哀悼活动,my_entity
e1247,洪水泥流中,my_entity
e1248,贵州省毕节市大方县理化乡偏坡村金星组,my_entity
e1249,四川广元224毫米,my_entity
e1250,东北华南地区降水,my_entity
e1251,贵州中部以东,my_entity
e1252,如此大考,my_entity
e1253,常年5月一个月量,my_entity
e1254,大同地,my_entity
e1255,黄淮河流域局部有强降雨,my_entity
e1256,最大洪峰流量,my_entity
e1257,警示标志,my_entity
e1258,近期长江上中游来水影响,my_entity
e1259,清理自家房屋,my_entity
e1260,山洪泥石流,my_entity
e1261,临时救助,my_entity
e1262,护岸653处,my_entity
e1263,回升,my_entity
e1264,陈振林,my_entity
e1265,黎兵根,my_entity
e1266,一定损害,my_entity
e1267,中共中央总书记,my_entity
e1268,农作物受灾,my_entity
e1269,连日来,my_entity
e1270,民政部门工作人员,my_entity
e1271,失踪人数增至46人,my_entity
e1272,局地冰雹厚度,my_entity
e1273,祖祖辈辈,my_entity
e1274,长江中下游发生洪涝灾害,my_entity
e1275,张会军老人,my_entity
e1276,广西壮族自治区副主席周红波,my_entity
e1277,赤峰受灾,my_entity
e1278,铜川市城区县城,my_entity
e1279,超保汛情,my_entity
e1280,紧急,my_entity
e1281,江西部分河流,my_entity
e1282,影响12万人受灾,my_entity
e1283,风暴康森,my_entity
e1284,最新数据,my_entity
e1285,湟源县7・6洪灾造成,my_entity
e1286,基本衣食,my_entity
e1287,感谢,my_entity
e1288,出省,my_entity
e1289,赤壁县市,my_entity
e1290,粤湘桂地,my_entity
e1291,辽宁省委重视,my_entity
e1292,水灾破坏性加重,my_entity
e1293,内蒙古省自治区,my_entity
e1294,洪峰水位238.47米,my_entity
e1295,包头市固阳县西斗铺镇出现强降雨天气导致1人溺水,my_entity
e1296,防汛责任人,my_entity
e1297,四师九师5个团,my_entity
e1298,建成预警系统,my_entity
e1299,关键阶段,my_entity
e1300,部分,my_entity
e1301,瞒报,my_entity
e1302,下同人民币,my_entity
e1303,上饶万年县中洲圩,my_entity
e1304,会商,my_entity
e1305,砂船,my_entity
e1306,水利部门分析,my_entity
e1307,专人值守,my_entity
e1308,坝溜乡政府,my_entity
e1309,德宏傣族景颇族,my_entity
e1310,并存,my_entity
e1311,主汛期,my_entity
e1312,部分地区有强降水天气,my_entity
e1313,致7死,my_entity
e1314,天气过程,my_entity
e1315,副总指挥陈雷,my_entity
e1316,共109.1万人受灾,my_entity
e1317,引发强降雨造成56县市,my_entity
e1318,重灾年份,my_entity
e1319,省军区协调47集团军某部,my_entity
e1320,通城地,my_entity
e1321,责任,my_entity
e1322,该省防汛面临等低问题,my_entity
e1323,暴雨袭击44个县,my_entity
e1324,这里,my_entity
e1325,灾情公报,my_entity
e1326,江南中南部,my_entity
e1327,气象服务,my_entity
e1328,中国农业大省河南,my_entity
e1329,当地主河道两岸,my_entity
e1330,四川盆地西部龙门山脉,my_entity
e1331,柳江江河出现复涨,my_entity
e1332,街道乡镇受灾,my_entity
e1333,多局地冰雹造成较大损失,my_entity
e1334,黄渚镇,my_entity
e1335,洪涝风雹灾害等福建地遭受发展,my_entity
e1336,永吉县周边县级以上公路4条,my_entity
e1337,涪江潼南小河坝站,my_entity
e1338,河北河南两地,my_entity
e1339,吐哈油田分公司油田建设公司,my_entity
e1340,吐鲁番地区倒塌,my_entity
e1341,除了,my_entity
e1342,人失踪,my_entity
e1343,得到政府救助,my_entity
e1344,蒙山县文圩镇,my_entity
e1345,群众供应饮用水,my_entity
e1346,昭通市昭阳区东部,my_entity
e1347,抢险队,my_entity
e1348,暴洪泥石流灾害造成4人失踪,my_entity
e1349,康家沟水库险情,my_entity
e1350,泥石流灾害,my_entity
e1351,省防汛办,my_entity
e1352,引发等洪涝地质灾害,my_entity
e1353,林业站,my_entity
e1354,灾区交通运输不受阻碍,my_entity
e1355,铜仁地,my_entity
e1356,该县正兴镇,my_entity
e1357,群众,my_entity
e1358,该省有95个县区降水,my_entity
e1359,预泄,my_entity
e1360,一名男子,my_entity
e1361,清理留下淤泥,my_entity
e1362,抗洪抢险应急阶段工作基本完成,my_entity
e1363,各地,my_entity
e1364,新鲜的,my_entity
e1365,道真县玉溪镇洋渡电站,my_entity
e1366,粤西茂名高州,my_entity
e1367,安排受灾群众生活,my_entity
e1368,台风海棠,my_entity
e1369,农用三轮车,my_entity
e1370,各级各部门做好度汛保安,my_entity
e1371,县公安局指挥中心,my_entity
e1372,次低值,my_entity
e1373,建设单位负责人,my_entity
e1374,小龙洞洪水暴涨,my_entity
e1375,湘水老埠头站,my_entity
e1376,开展灾后复产工作,my_entity
e1377,贵州东部,my_entity
e1378,北部地累计300毫米100,my_entity
e1379,应对带来洪流,my_entity
e1380,不少桥梁垮塌,my_entity
e1381,三圣镇德圣村四组村民姚义全,my_entity
e1382,进行中,my_entity
e1383,特大洪灾救援现场已有受困民众救出,my_entity
e1384,北方冬麦区,my_entity
e1385,不同程度受损,my_entity
e1386,广安市委常委苏利明,my_entity
e1387,湖口站水位,my_entity
e1388,冲毁拦河坝5道,my_entity
e1389,降临京城,my_entity
e1390,塔城地遭受大风,my_entity
e1391,蒲家被毁,my_entity
e1392,受灾人口超过2000万人,my_entity
e1393,此次降雨形成暴雨中心,my_entity
e1394,四川省雅安市汉源县万工乡境内后背山,my_entity
e1395,武威地,my_entity
e1396,农田积水,my_entity
e1397,全国总数70%以上,my_entity
e1398,防汛储备库,my_entity
e1399,伊春市委书记王爱文,my_entity
e1400,四川局地,my_entity
e1401,国家防总有关部门指导,my_entity
e1402,S301,my_entity
e1403,湿气流过境影响,my_entity
e1404,救助飞行队发生洪灾,my_entity
e1405,京广铁路大动脉,my_entity
e1406,二楼,my_entity
e1407,公安多部门,my_entity
e1408,当地村民捐助蔬菜,my_entity
e1409,山西省民政厅厅长薛维栋,my_entity
e1410,兰州中心气象台,my_entity
e1411,江西安福暴雨,my_entity
e1412,通过,my_entity
e1413,云南电网公司,my_entity
e1414,新疆尼勒克,my_entity
e1415,甘肃舟曲县,my_entity
e1416,太原市清徐县,my_entity
e1417,城区内涝,my_entity
e1418,暴雨洪涝两部门,my_entity
e1419,树木,my_entity
e1420,航管楼,my_entity
e1421,被毁路段,my_entity
e1422,降水总体,my_entity
e1423,漂流乡美誉,my_entity
e1424,最强时段,my_entity
e1425,湘西州有中等阵雨,my_entity
e1426,加强雨区中小河流洪水,my_entity
e1427,机械,my_entity
e1428,下拨资金,my_entity
e1429,山沟地形,my_entity
e1430,受灾4632千公顷,my_entity
e1431,徽州区北部,my_entity
e1432,南北棉花,my_entity
e1433,救助13.5万人,my_entity
e1434,带棚,my_entity
e1435,地形限制,my_entity
e1436,地灾隐患点,my_entity
e1437,该滑坡威胁,my_entity
e1438,湾镇233毫米,my_entity
e1439,起湖南雨势减弱,my_entity
e1440,西南中下游受灾,my_entity
e1441,该市昭阳区小龙洞乡,my_entity
e1442,发给灾民,my_entity
e1443,部队,my_entity
e1444,最新气象预测,my_entity
e1445,陕西省境内,my_entity
e1446,陕西汉中城固县,my_entity
e1447,云南省昆明主城区,my_entity
e1448,昭通城区西北46公里处,my_entity
e1449,工作组,my_entity
e1450,干流莲花塘,my_entity
e1451,副省长梁卫国率工作组,my_entity
e1452,第三,my_entity
e1453,水利专家,my_entity
e1454,五河赣江,my_entity
e1455,防汛工作情况,my_entity
e1456,琼海地出现城市内涝,my_entity
e1457,鸭绿江丹东段,my_entity
e1458,抚顺三县四区,my_entity
e1459,更安全场所,my_entity
e1460,抗洪能力超18年前,my_entity
e1461,建成体系,my_entity
e1462,中秋节假期,my_entity
e1463,引发等山洪灾害造成26人遇难75人失踪,my_entity
e1464,三个地市,my_entity
e1465,统筹,my_entity
e1466,防汛级应急响应,my_entity
e1467,伊犁州新源县发生洪水灾害,my_entity
e1468,预警信息,my_entity
e1469,复涨,my_entity
e1470,潼南县委,my_entity
e1471,各地市官方启动搜救工作,my_entity
e1472,黄凤萍,my_entity
e1473,加强组织,my_entity
e1474,滑动迹象,my_entity
e1475,成都周边,my_entity
e1476,所有行政村,my_entity
e1477,多条河流出槽,my_entity
e1478,江西省防总升级,my_entity
e1479,基础工程,my_entity
e1480,百余民众困情况,my_entity
e1481,一片泽国,my_entity
e1482,当地负责人到达救灾现场,my_entity
e1483,洪涝灾害致160.8万人受灾两部门,my_entity
e1484,桂中,my_entity
e1485,二站段大坝,my_entity
e1486,三轮强降雨袭击,my_entity
e1487,抗洪突击队,my_entity
e1488,洪灾致85人死亡习近平李克强,my_entity
e1489,累计降水量达163毫米,my_entity
e1490,蓝色警报,my_entity
e1491,云南省普洱市景谷县导致该县正兴镇发生洪涝灾害,my_entity
e1492,气象观测站,my_entity
e1493,街道一片汪洋,my_entity
e1494,不遇30年,my_entity
e1495,束庆鹏,my_entity
e1496,孤岛,my_entity
e1497,定西地,my_entity
e1498,南部沿海,my_entity
e1499,车辆,my_entity
e1500,秘书长刘宁,my_entity
e1501,阳泉,my_entity
e1502,率工作组,my_entity
e1503,木材生产基地,my_entity
e1504,保障抢险通信畅通,my_entity
e1505,放心水饭,my_entity
e1506,林区桥梁,my_entity
e1507,新疆已有88个县市相继发生多种灾害,my_entity
e1508,降小,my_entity
e1509,安化县各地,my_entity
e1510,树冠,my_entity
e1511,气象灾害暴雨级应急响应,my_entity
e1512,兰州市永登县,my_entity
e1513,局地强降雨防范工作,my_entity
e1514,中下游省份江西76.4万人受灾,my_entity
e1515,莎车县山洪过后现场,my_entity
e1516,上乡镇降雨量,my_entity
e1517,城固县官方,my_entity
e1518,河网区,my_entity
e1519,全国出现区域性强降雨过程,my_entity
e1520,沿街房屋,my_entity
e1521,汉江流域上游,my_entity
e1522,出动党员,my_entity
e1523,民众众,my_entity
e1524,雷击,my_entity
e1525,全国九成,my_entity
e1526,应对措施,my_entity
e1527,刚刚,my_entity
e1528,金寨一带,my_entity
e1529,安庆,my_entity
e1530,吉林重灾区,my_entity
e1531,四川陕西遭暴雨灾害官方,my_entity
e1532,新增死亡人员中,my_entity
e1533,数十人,my_entity
e1534,百色市田林县,my_entity
e1535,大部分地区处于主汛期,my_entity
e1536,很简单,my_entity
e1537,鸣笛,my_entity
e1538,全区安排1000件帐篷,my_entity
e1539,鄱阳湖星子站水位保持中水位,my_entity
e1540,支流水位超过特大洪水值,my_entity
e1541,张家界永定区大坪站358.2毫米,my_entity
e1542,多地,my_entity
e1543,龙岩地,my_entity
e1544,方便面食品,my_entity
e1545,遭天水市中东部,my_entity
e1546,阿克苏地区消防支队,my_entity
e1547,鲜嫩叶子,my_entity
e1548,据吉林省民政厅公布数据,my_entity
e1549,新疆,my_entity
e1550,尹相美,my_entity
e1551,全部,my_entity
e1552,洪峰水位,my_entity
e1553,各地克服麻痹思想,my_entity
e1554,很大困难,my_entity
e1555,镇南街,my_entity
e1556,下拨800万元资金,my_entity
e1557,沈吉铁路,my_entity
e1558,云南省巧家县小河镇,my_entity
e1559,东部东部降小,my_entity
e1560,改补种面积,my_entity
e1561,卫生工作开展,my_entity
e1562,一个背包,my_entity
e1563,造成受灾,my_entity
e1564,多种举措,my_entity
e1565,三门峡市委,my_entity
e1566,民政部消息,my_entity
e1567,砖块,my_entity
e1568,及时,my_entity
e1569,监测功能,my_entity
e1570,未来一段时间,my_entity
e1571,拉网式搜救,my_entity
e1572,截至,my_entity
e1573,进村公路桥涵,my_entity
e1574,铜仁市印江自治县杨柳乡中山村翁谷溪水库,my_entity
e1575,强雷电,my_entity
e1576,重庆巫溪降雨量,my_entity
e1577,湘中以南,my_entity
e1578,精准预报工作,my_entity
e1579,泥石流夷为平地,my_entity
e1580,水利专家们,my_entity
e1581,山东确保稳定,my_entity
e1582,西南地区东部,my_entity
e1583,暴雨灾害导致37人死亡,my_entity
e1584,山腰,my_entity
e1585,当地官方,my_entity
e1586,甘南藏族自治州夏河县,my_entity
e1587,防洪软肋,my_entity
e1588,宁夏段,my_entity
e1589,昆明水文站水位,my_entity
e1590,部分地区遭受洪涝灾害造成人员伤亡,my_entity
e1591,黑河,my_entity
e1592,新疆塔里木盆地,my_entity
e1593,此轮雨情,my_entity
e1594,湖南迎来新一轮强降水,my_entity
e1595,灾区下小雨,my_entity
e1596,北方地区吉林,my_entity
e1597,父母,my_entity
e1598,时间,my_entity
e1599,栾庆伟,my_entity
e1600,部分地区遭受袭击,my_entity
e1601,仁怀市龙源乡182.3毫米,my_entity
e1602,临时水源地,my_entity
e1603,新安江泄洪,my_entity
e1604,关注新情况,my_entity
e1605,据民政部网站消息,my_entity
e1606,商场,my_entity
e1607,三条河道,my_entity
e1608,天河南,my_entity
e1609,让的,my_entity
e1610,中小河流,my_entity
e1611,行政首长负责制,my_entity
e1612,旱涝转,my_entity
e1613,部分地区50-100毫米降雨,my_entity
e1614,重灾区清原县,my_entity
e1615,子堤,my_entity
e1616,居民房屋进水,my_entity
e1617,还有三个站点水位超过警戒水位,my_entity
e1618,民主村,my_entity
e1619,超汛限水位运行,my_entity
e1620,排危除危工作,my_entity
e1621,楚雄州,my_entity
e1622,湖南省委书记周强,my_entity
e1623,新余全市,my_entity
e1624,漂流项目,my_entity
e1625,安置灾民王瑞程,my_entity
e1626,高温范围缩小,my_entity
e1627,小河镇停电,my_entity
e1628,河道堵塞,my_entity
e1629,暴裂主输水管,my_entity
e1630,往返途中安全,my_entity
e1631,以上县,my_entity
e1632,防汛,my_entity
e1633,解放军官兵帮助,my_entity
e1634,吉林省摆,my_entity
e1635,抢修之中,my_entity
e1636,有路基塌陷情况,my_entity
e1637,东北部局部,my_entity
e1638,北海机场,my_entity
e1639,该县茶卡镇哈大村,my_entity
e1640,云南省国土资源厅,my_entity
e1641,向国家防总,my_entity
e1642,帐篷,my_entity
e1643,霍城县大西沟乡,my_entity
e1644,省委常委魏宏,my_entity
e1645,李经福家,my_entity
e1646,千亩圩堤三位段,my_entity
e1647,广泛关注,my_entity
e1648,严重永吉县医院,my_entity
e1649,受灾临湘市,my_entity
e1650,桦甸地,my_entity
e1651,辽宁东北部,my_entity
e1652,一千亩圩堤,my_entity
e1653,具体安排,my_entity
e1654,雨情水情,my_entity
e1655,编织袋物资,my_entity
e1656,两轮强降雨造成155万人受灾,my_entity
e1657,受灾县市区,my_entity
e1658,王嘉毅,my_entity
e1659,启动防汛级响应,my_entity
e1660,副热带高压,my_entity
e1661,台风凡亚比,my_entity
e1662,重灾区富民街两边店铺里,my_entity
e1663,贵州甘肃青海,my_entity
e1664,集中,my_entity
e1665,省防汛抗旱指挥部办公室,my_entity
e1666,地普降大,my_entity
e1667,位于支流涟水中游水府庙水库,my_entity
e1668,黄淮地,my_entity
e1669,主要气象灾害有等暴雨,my_entity
e1670,北方冷空气交汇影响,my_entity
e1671,修水河上柘林水库,my_entity
e1672,各地上报数据,my_entity
e1673,这条小河,my_entity
e1674,浙江钱塘江,my_entity
e1675,测站,my_entity
e1676,为405.5mm,my_entity
e1677,督促,my_entity
e1678,塌下来的,my_entity
e1679,雷山县城中断,my_entity
e1680,山体滑坡致3人死亡,my_entity
e1681,鱼洞乡,my_entity
e1682,低是主要因素,my_entity
e1683,极值,my_entity
e1684,出现10人死亡灾害,my_entity
e1685,旗县区遭受暴雨袭击,my_entity
e1686,广西凌云县,my_entity
e1687,云南省普洱市景谷县,my_entity
e1688,国家级救灾响应,my_entity
e1689,超警戒1.45米,my_entity
e1690,城市管理部门,my_entity
e1691,市交通局,my_entity
e1692,逐户,my_entity
e1693,革命老区宣汉县,my_entity
e1694,注意,my_entity
e1695,价值药品,my_entity
e1696,伊犁地,my_entity
e1697,调遣展开救援工作,my_entity
e1698,降下中雨,my_entity
e1699,人员死亡381人,my_entity
e1700,梧州市辖区,my_entity
e1701,下阶段减少灾害损失,my_entity
e1702,西藏自治区气象台,my_entity
e1703,出现41次,my_entity
e1704,养殖密集区,my_entity
e1705,估计不利因素,my_entity
e1706,三明市局部县市,my_entity
e1707,广西终止洪涝灾害级应急响应,my_entity
e1708,广西阳朔,my_entity
e1709,土坯房,my_entity
e1710,湘黔,my_entity
e1711,石坝乡,my_entity
e1712,最大洪灾救灾进行,my_entity
e1713,中新社太原8月13日电任丽娜山西省民政厅,my_entity
e1714,自治区党委书记彭清华,my_entity
e1715,降暴雨时,my_entity
e1716,特大暴雨导致宣汉县君塘镇洋烈社区142户275间民房垮塌,my_entity
e1717,南疆减产,my_entity
e1718,这些淤泥,my_entity
e1719,约845公里洋面上,my_entity
e1720,全省805,my_entity
e1721,嫩江县霍龙门乡座虎滩村95.6毫米,my_entity
e1722,湖南湘江沿线各地,my_entity
e1723,警戒水位以下,my_entity
e1724,江河湖水位,my_entity
e1725,该地区强降雨持续,my_entity
e1726,一带遭受强过程引发山洪,my_entity
e1727,西南季风影响,my_entity
e1728,长江九江段,my_entity
e1729,发挥一体化优势,my_entity
e1730,梧州台谢大明,my_entity
e1731,甘肃嘉陵江支流东河,my_entity
e1732,水景房,my_entity
e1733,新疆北疆博乐市,my_entity
e1734,柳树泉农场遭受洪水灾害,my_entity
e1735,党政正职有一人在家,my_entity
e1736,都匀经济开发区大坪镇幸福村,my_entity
e1737,旅客列车运行,my_entity
e1738,人类经济社会活动,my_entity
e1739,继发生,my_entity
e1740,重要部位巡查,my_entity
e1741,救援行动暂缓,my_entity
e1742,可用物质,my_entity
e1743,孙亭文李学玲,my_entity
e1744,当天情景,my_entity
e1745,中断行车,my_entity
e1746,部分地区农作物受淹,my_entity
e1747,中游干流监利,my_entity
e1748,民政部,my_entity
e1749,中部自西向东一带,my_entity
e1750,强降雨袭击,my_entity
e1751,甘肃陇南市政府新闻办公室侯志雄,my_entity
e1752,S301冲断受降雨天气影响,my_entity
e1753,防汛工作进入关键时期,my_entity
e1754,六月下旬,my_entity
e1755,转晴,my_entity
e1756,该市好里堡办事处,my_entity
e1757,～66.3毫米,my_entity
e1758,雷雨大风,my_entity
e1759,堤垸284公里堤防超警,my_entity
e1760,新疆北部布尔津县,my_entity
e1761,本洋介绍,my_entity
e1762,桦甸,my_entity
e1763,棉被2850床,my_entity
e1764,山洪灾害监测系统,my_entity
e1765,引发山洪,my_entity
e1766,避难场所,my_entity
e1767,威海地,my_entity
e1768,粮棉油产区,my_entity
e1769,屋后山体,my_entity
e1770,河南鹤壁局,my_entity
e1771,对排查,my_entity
e1772,持续时间长,my_entity
e1773,事发地,my_entity
e1774,发生历史洪水可能,my_entity
e1775,最先,my_entity
e1776,万人543.9,my_entity
e1777,笼罩面积,my_entity
e1778,湘西凤凰站,my_entity
e1779,建设安装,my_entity
e1780,大面积集中强降雨,my_entity
e1781,沙坡头青铜峡水库,my_entity
e1782,青海格尔木河流域,my_entity
e1783,自北向南,my_entity
e1784,抓好地质灾害,my_entity
e1785,抗台,my_entity
e1786,桐柏山区,my_entity
e1787,四川省政府应急办主任严卫东,my_entity
e1788,桂江昭平站,my_entity
e1789,文县部分路线出现塌方导致15条公路线,my_entity
e1790,抽查点,my_entity
e1791,吉林永吉230毫米,my_entity
e1792,自救,my_entity
e1793,该龙卷风,my_entity
e1794,贾顺宁,my_entity
e1795,产棉大区,my_entity
e1796,湘江支流涓水,my_entity
e1797,抢险队伍赶赴江西,my_entity
e1798,碧口镇区积水,my_entity
e1799,严峻,my_entity
e1800,视频连线,my_entity
e1801,致道路,my_entity
e1802,高温持续,my_entity
e1803,山洪威胁,my_entity
e1804,县城上游龙泉水库出现漫坝现象,my_entity
e1805,新一轮强降雨诱发等山洪灾害,my_entity
e1806,大量房屋受损,my_entity
e1807,遇难人数,my_entity
e1808,救助紧急生活,my_entity
e1809,区域性大暴雨,my_entity
e1810,异常分布型,my_entity
e1811,内蒙古大兴安岭林区已有1万余人受灾,my_entity
e1812,江西德兴市,my_entity
e1813,长新乡新松村,my_entity
e1814,桥涵68处,my_entity
e1815,渠县三汇站,my_entity
e1816,重庆市政府,my_entity
e1817,九省区,my_entity
e1818,逾千万人洪涝灾害受灾,my_entity
e1819,财产价值,my_entity
e1820,著名风景区九寨沟,my_entity
e1821,毕节市东部南部,my_entity
e1822,部分农房受损,my_entity
e1823,上年GDP,my_entity
e1824,鞍山岫岩县,my_entity
e1825,县城上游龙泉水库,my_entity
e1826,部分路段水位,my_entity
e1827,重庆市委办公厅决定,my_entity
e1828,灾区急需生活类物资,my_entity
e1829,夏文炳,my_entity
e1830,新洲区寺庙村村民张育生,my_entity
e1831,第5次洪峰,my_entity
e1832,暴雨灾害,my_entity
e1833,死4伤,my_entity
e1834,该省财政拨付3000万元补助费,my_entity
e1835,高温天气江西省气象台,my_entity
e1836,于学兰,my_entity
e1837,泄洪,my_entity
e1838,长江重庆寸滩站,my_entity
e1839,外界,my_entity
e1840,台风海棠减弱低压,my_entity
e1841,村民遗体被找到,my_entity
e1842,救灾帐篷2050顶,my_entity
e1843,偏东地区局地雨量,my_entity
e1844,动用直升机,my_entity
e1845,看到,my_entity
e1846,溪河洪水涨,my_entity
e1847,喷洒药品气味,my_entity
e1848,／小时,my_entity
e1849,影响险情路段,my_entity
e1850,千年,my_entity
e1851,政层干部,my_entity
e1852,海拉尔地区,my_entity
e1853,民工,my_entity
e1854,南口前镇副镇长金旗,my_entity
e1855,湟水支流药水河董家庄水文站,my_entity
e1856,平均降水量,my_entity
e1857,黄三平领导,my_entity
e1858,房屋6522户,my_entity
e1859,市区,my_entity
e1860,房屋鉴定专家,my_entity
e1861,坝村寨,my_entity
e1862,赣江中游,my_entity
e1863,陈爱国,my_entity
e1864,太湖周边河网地区,my_entity
e1865,久违太阳,my_entity
e1866,重夏旱,my_entity
e1867,屋后泥巴,my_entity
e1868,崇左城区,my_entity
e1869,江西全省,my_entity
e1870,湖南北部西北地区,my_entity
e1871,强热带风暴,my_entity
e1872,设区市,my_entity
e1873,雨带南缘,my_entity
e1874,不到位,my_entity
e1875,受灾群力村,my_entity
e1876,多趟旅客列车,my_entity
e1877,局长张洪波,my_entity
e1878,盏达河,my_entity
e1879,湖南,my_entity
e1880,江段水位上涨,my_entity
e1881,桥梁损毁83座,my_entity
e1882,营救7000多人,my_entity
e1883,梁子湖部门,my_entity
e1884,不当质疑,my_entity
e1885,江南大部降雨量在200毫米以上,my_entity
e1886,长江交界处,my_entity
e1887,哈达门乡,my_entity
e1888,北方华南地区,my_entity
e1889,人2死,my_entity
e1890,强化各项准备,my_entity
e1891,命损百亿,my_entity
e1892,绿洲带浇灌,my_entity
e1893,特大洪水值,my_entity
e1894,贵州省应急管理厅,my_entity
e1895,流量,my_entity
e1896,水库超汛限水位,my_entity
e1897,李春荣,my_entity
e1898,江河水位超过警戒线,my_entity
e1899,多54.4%,my_entity
e1900,联系,my_entity
e1901,洪涝灾害,my_entity
e1902,河北强降雨引发洪涝灾害,my_entity
e1903,收费口,my_entity
e1904,湘西州,my_entity
e1905,天水地,my_entity
e1906,组成工作组,my_entity
e1907,重建方案,my_entity
e1908,旅游爱好者,my_entity
e1909,气象风险预警等级,my_entity
e1910,大部分灾民展开自救,my_entity
e1911,最大限度,my_entity
e1912,宝库乡发生局部泥石流,my_entity
e1913,最重嫩江县,my_entity
e1914,失踪人员,my_entity
e1915,起湖南省内天气,my_entity
e1916,河北山西,my_entity
e1917,陇南市武都区,my_entity
e1918,做好各项工作,my_entity
e1919,贵州遭受暴雨灾害,my_entity
e1920,暴雨灾害具有等广特点,my_entity
e1921,控制站,my_entity
e1922,避险,my_entity
e1923,湿地栈桥周围堤坝,my_entity
e1924,二连浩特市,my_entity
e1925,万源7•17洪灾造成5人死亡,my_entity
e1926,水利工程设施,my_entity
e1927,中新社北京6月30日电中国国家防总办公室,my_entity
e1928,渝东南指导,my_entity
e1929,甘肃庆阳市正宁县突降暴雨,my_entity
e1930,一个镇死亡人数,my_entity
e1931,新疆南疆部分地区,my_entity
e1932,密切,my_entity
e1933,两件衣服,my_entity
e1934,小二型水库损毁,my_entity
e1935,龙江县哈拉海乡,my_entity
e1936,安徽省减灾救灾委,my_entity
e1937,人员误入,my_entity
e1938,损毁公路,my_entity
e1939,吉林市,my_entity
e1940,盈江县政府,my_entity
e1941,长公里,my_entity
e1942,河边街地,my_entity
e1943,河南洪灾,my_entity
e1944,建成非工程措施体系,my_entity
e1945,格登河河水暴涨,my_entity
e1946,官方媒体,my_entity
e1947,家门,my_entity
e1948,两层楼房,my_entity
e1949,异常辐合区,my_entity
e1950,七下八上,my_entity
e1951,望谟县城,my_entity
e1952,防疫消杀工作,my_entity
e1953,官方发布数据,my_entity
e1954,跟踪天气变化,my_entity
e1955,青海乌兰县,my_entity
e1956,县领导责任制度,my_entity
e1957,竹筏,my_entity
e1958,主要气象灾害,my_entity
e1959,省政府黑瞎子岛建设和管理委员会,my_entity
e1960,防范地质灾害,my_entity
e1961,射洪青岗,my_entity
e1962,一遇大洪水,my_entity
e1963,陕西发生大范围强降水过程造成洪涝灾害,my_entity
e1964,疏排当中,my_entity
e1965,崇州市街子镇味江河河流水位猛涨,my_entity
e1966,武装部政委,my_entity
e1967,紧急转移安置,my_entity
e1968,显著成效,my_entity
e1969,百年不遇,my_entity
e1970,山西山东局地,my_entity
e1971,内蒙黑龙江局地,my_entity
e1972,六百多人,my_entity
e1973,部分县区出现强降雨导致5537人受灾,my_entity
e1974,杨女士家,my_entity
e1975,省民政厅派出工作组,my_entity
e1976,白龙江流域天水段,my_entity
e1977,援助,my_entity
e1978,负责同志,my_entity
e1979,军方证实,my_entity
e1980,发生重大人员伤亡地区,my_entity
e1981,省公路勘查设计院,my_entity
e1982,盈江消防大队教导员陈金平,my_entity
e1983,彝良县人民医院仅有一辆救护车使用,my_entity
e1984,姜涛,my_entity
e1985,七成总数,my_entity
e1986,提供信息,my_entity
e1987,桥梁140座,my_entity
e1988,居民组村民,my_entity
e1989,宜宾乐山,my_entity
e1990,低压,my_entity
e1991,乡镇街道,my_entity
e1992,鄱阳湖干流水位,my_entity
e1993,水阶段堤防,my_entity
e1994,中国气象局局长郑国光,my_entity
e1995,应急管理部工作组,my_entity
e1996,子洲县公安部门报告,my_entity
e1997,都江堰青城山,my_entity
e1998,嫩江上游发生,my_entity
e1999,降雨区域,my_entity
e2000,生产,my_entity
e2001,全国降雨分布,my_entity
e2002,蓥华镇地,my_entity
e2003,牧民家中中,my_entity
e2004,各县区筹措救灾资金,my_entity
e2005,连续强降雨侵扰,my_entity
e2006,铜川局部地区出现严重洪灾,my_entity
e2007,中新网乌鲁木齐6月18日电程勇汪渝,my_entity
e2008,统计新增数,my_entity
e2009,两组,my_entity
e2010,汉江干流2号洪峰通过陕西,my_entity
e2011,建筑工地,my_entity
e2012,其中荔浦站,my_entity
e2013,各地各部门做好雷电强降防御工作,my_entity
e2014,多一,my_entity
e2015,南方六省,my_entity
e2016,超警洪水,my_entity
e2017,纳沙,my_entity
e2018,其他灾区,my_entity
e2019,白山地,my_entity
e2020,喷洒消毒药水,my_entity
e2021,石头口门水库,my_entity
e2022,灾害导致全县交通瘫痪,my_entity
e2023,江苏安徽湖北贵州4省,my_entity
e2024,完善,my_entity
e2025,梅川支流,my_entity
e2026,庵杰乡,my_entity
e2027,应急救助级响应,my_entity
e2028,乌鲁木齐地局部,my_entity
e2029,重庆潼南县上游,my_entity
e2030,湖北启动救灾应急三级响应,my_entity
e2031,伊宁县卡拉亚尕奇乡,my_entity
e2032,穿城河水暴涨,my_entity
e2033,崩岸,my_entity
e2034,湖南省安化县官方16日,my_entity
e2035,持续性强降雨,my_entity
e2036,艳阳高照,my_entity
e2037,渠江三汇站出现267.81米,my_entity
e2038,多少人死亡,my_entity
e2039,擦洗泡物品,my_entity
e2040,后期,my_entity
e2041,此次洪灾中,my_entity
e2042,抗洪抢险救援,my_entity
e2043,暴雨造成2.3亿元人民币,my_entity
e2044,严重区域之一,my_entity
e2045,黔东南州落实责任,my_entity
e2046,川陕豫,my_entity
e2047,抗洪第一线,my_entity
e2048,火车站站前广场被淹,my_entity
e2049,召开紧急会议,my_entity
e2050,前10名,my_entity
e2051,陕西省政府薛天,my_entity
e2052,双排座车,my_entity
e2053,首位,my_entity
e2054,新疆维吾尔自治区减灾委,my_entity
e2055,广西云南9死,my_entity
e2056,西藏,my_entity
e2057,李凌肖惠姬,my_entity
e2058,湖北咸宁南川156毫米,my_entity
e2059,重庆中西部北地区出现降雨,my_entity
e2060,抚顺流域内河流洪水暴涨,my_entity
e2061,三架直升飞机,my_entity
e2062,组织省,my_entity
e2063,救灾募捐中心,my_entity
e2064,阿克苏地委书记黄三平,my_entity
e2065,辽宁建平县,my_entity
e2066,交通主干道,my_entity
e2067,昨天上午,my_entity
e2068,常务副省长刘永富,my_entity
e2069,道路冲毁,my_entity
e2070,民政部联合财政部,my_entity
e2071,数日暴雨,my_entity
e2072,云南普洱临沧,my_entity
e2073,抗洪指挥部,my_entity
e2074,九环线,my_entity
e2075,核实中,my_entity
e2076,最高洪峰,my_entity
e2077,陕西渭河支流漆水河,my_entity
e2078,县级以上城市受淹,my_entity
e2079,上游四川,my_entity
e2080,不利局面,my_entity
e2081,勐腊2.9景洪万人受灾,my_entity
e2082,应急预案,my_entity
e2083,汛情通报第67期,my_entity
e2084,民政部副部长罗平飞率领工作组,my_entity
e2085,藏区合作市,my_entity
e2086,饮用标准,my_entity
e2087,水影响,my_entity
e2088,克一河镇区水势,my_entity
e2089,拉萨地市,my_entity
e2090,新疆民政厅,my_entity
e2091,常州市金坛大浦港桥段,my_entity
e2092,安置点,my_entity
e2093,山洪失踪者,my_entity
e2094,免费定点,my_entity
e2095,该地区发生,my_entity
e2096,～0.020.62米,my_entity
e2097,55.37千公顷,my_entity
e2098,防指,my_entity
e2099,近来严重洪灾,my_entity
e2100,沙洋县马良镇艾店村一处,my_entity
e2101,灾害过程呈现三个特点,my_entity
e2102,棉被3500床,my_entity
e2103,吉林省政府防汛抗旱指挥部,my_entity
e2104,小型堰塞湖,my_entity
e2105,四川筠连县,my_entity
e2106,国家减灾委,my_entity
e2107,库车县党委,my_entity
e2108,松花江干流,my_entity
e2109,本轮强降雨导致境内乐安河水位超过警戒,my_entity
e2110,全体指战员,my_entity
e2111,思想认识,my_entity
e2112,新一轮洪峰,my_entity
e2113,城市管理部门疏通管道,my_entity
e2114,中国国家减灾办发布消息,my_entity
e2115,近千人,my_entity
e2116,抚顺市长栾庆伟通报,my_entity
e2117,省民政厅办公室,my_entity
e2118,紧张中,my_entity
e2119,小金县沙龙乡境内,my_entity
e2120,谢伏瞻,my_entity
e2121,主要任务是疏散民众,my_entity
e2122,公共基础设施,my_entity
e2123,包含倒塌大棚大棚,my_entity
e2124,共有8个县市出现50毫米以上暴雨,my_entity
e2125,隆回苏家洞374毫米兴安高寨,my_entity
e2126,国家防总调运防汛物资,my_entity
e2127,最大,my_entity
e2128,特大,my_entity
e2129,山丘区山洪,my_entity
e2130,牲畜,my_entity
e2131,控制站城陵矶出现洪峰水位,my_entity
e2132,至之间,my_entity
e2133,确认有3人失踪,my_entity
e2134,暴雨灾害造成4040.7万人受灾,my_entity
e2135,麻栗坡县境内,my_entity
e2136,同利铁矿,my_entity
e2137,是求援电话,my_entity
e2138,灾害造成109.62万人,my_entity
e2139,爬上房顶妻子吞噬,my_entity
e2140,山体滑坡,my_entity
e2141,镇雄县鱼洞乡突降暴雨导致河水漫堤造成严重洪灾,my_entity
e2142,调运3000顶帐篷,my_entity
e2143,洪水过街道,my_entity
e2144,广东省副省长李容根,my_entity
e2145,部分县普降大到暴雨,my_entity
e2146,江西东北部发生地质灾害可能性加大,my_entity
e2147,林业站取得联系,my_entity
e2148,养殖业,my_entity
e2149,农田水利基本建设攻坚战,my_entity
e2150,乡镇民房倒塌,my_entity
e2151,陕西出现暴雨日,my_entity
e2152,密切监视雨水情,my_entity
e2153,多个乡镇降暴雨,my_entity
e2154,浙江贵州局地,my_entity
e2155,武警黑龙江省森林总队哈尔滨支队战士们,my_entity
e2156,多格局,my_entity
e2157,乡党委书记黄凤萍,my_entity
e2158,山间小河,my_entity
e2159,朝阳市建平县太平庄乡,my_entity
e2160,停电中,my_entity
e2161,海阳村,my_entity
e2162,多三至八成,my_entity
e2163,损毁,my_entity
e2164,今后几天,my_entity
e2165,特大山洪灾害增加3名遇难者,my_entity
e2166,帐篷生活必需品,my_entity
e2167,打通道路,my_entity
e2168,有关地区重视防御工作,my_entity
e2169,山东开展生产,my_entity
e2170,生命安全,my_entity
e2171,机场设施遭到破坏,my_entity
e2172,灾民手中,my_entity
e2173,陇南移动,my_entity
e2174,较大地点,my_entity
e2175,越来越多,my_entity
e2176,江西地村庄过水,my_entity
e2177,广东省三防办,my_entity
e2178,两瓶矿泉水,my_entity
e2179,超过10亿元人民币,my_entity
e2180,险弱一环,my_entity
e2181,池州市民政局,my_entity
e2182,小米村铁路下桥洞,my_entity
e2183,受灾民众已有63人,my_entity
e2184,江淮西部,my_entity
e2185,毕节地,my_entity
e2186,洪涝灾害造成7.71万公顷,my_entity
e2187,发生接地龙卷风,my_entity
e2188,通讯中断银厂村上报,my_entity
e2189,杨柳湾地,my_entity
e2190,洪水所到处,my_entity
e2191,韶关市区,my_entity
e2192,中国南方遭受暴雨灾害,my_entity
e2193,亡20,my_entity
e2194,最重地方,my_entity
e2195,漫坝现象,my_entity
e2196,此次灾害造成4个县,my_entity
e2197,气象台首席预报员梁生俊,my_entity
e2198,长江鄱阳湖,my_entity
e2199,一米水,my_entity
e2200,教场屯,my_entity
e2201,东北地区天空上,my_entity
e2202,巴拉河水位,my_entity
e2203,迅速组织人员,my_entity
e2204,汛限,my_entity
e2205,清原县中心,my_entity
e2206,河源地,my_entity
e2207,重庆贵州强降雨应对,my_entity
e2208,亿元,my_entity
e2209,佳木斯汤原县,my_entity
e2210,生活秩序,my_entity
e2211,农牧业生产,my_entity
e2212,针对性安排,my_entity
e2213,游客困,my_entity
e2214,核心,my_entity
e2215,吴志勋,my_entity
e2216,明清古建筑,my_entity
e2217,抢险救援预案,my_entity
e2218,叶建春,my_entity
e2219,市县局地洪灾,my_entity
e2220,搜救群众转移工作,my_entity
e2221,省委省政府,my_entity
e2222,抗洪行动,my_entity
e2223,局部地区,my_entity
e2224,严重,my_entity
e2225,受灾面积达88.9万亩,my_entity
e2226,为了,my_entity
e2227,雷电,my_entity
e2228,陇南市成县黄渚镇,my_entity
e2229,一顿正经饭,my_entity
e2230,河水漫堤,my_entity
e2231,汉江2号洪峰,my_entity
e2232,严重阿华路,my_entity
e2233,北京7月5日电王硕张素,my_entity
e2234,遇左右大洪水,my_entity
e2235,汪洋,my_entity
e2236,挖掘机械,my_entity
e2237,重庆璧山区,my_entity
e2238,重庆大部地区,my_entity
e2239,秦州区暴洪群发性地质灾害使,my_entity
e2240,可能,my_entity
e2241,宁波各地,my_entity
e2242,召开防汛会商会,my_entity
e2243,吴敏平,my_entity
e2244,选择大型超市,my_entity
e2245,全市30%,my_entity
e2246,四川盆地西部出现罕见过程,my_entity
e2247,耕地面积,my_entity
e2248,抢险小分队调动机械设备,my_entity
e2249,抢险突击队,my_entity
e2250,紧急防汛期,my_entity
e2251,秦州区,my_entity
e2252,推进防汛工作,my_entity
e2253,受灾地区水恢复,my_entity
e2254,荣昌,my_entity
e2255,填堵,my_entity
e2256,习近平作出,my_entity
e2257,国网福建电力启动Ⅲ级应急响应,my_entity
e2258,紧急视频调度会,my_entity
e2259,抗洪工作,my_entity
e2260,呼伦贝尔市境内降大,my_entity
e2261,发生违法活动,my_entity
e2262,洪涝灾害现场搜救20人,my_entity
e2263,交界区,my_entity
e2264,清远市阳山县白莲片区,my_entity
e2265,深1米,my_entity
e2266,东乡县突发,my_entity
e2267,应急管理办公室,my_entity
e2268,云南云龙县,my_entity
e2269,口前水文站,my_entity
e2270,出现强降雨天气,my_entity
e2271,深圳市南山区遭受洪涝灾害,my_entity
e2272,医院,my_entity
e2273,高速公路,my_entity
e2274,救灾人员进入受困村镇,my_entity
e2275,自己编制竹筏,my_entity
e2276,最高水位,my_entity
e2277,河流河段洪水,my_entity
e2278,四百二十人,my_entity
e2279,指挥部选派,my_entity
e2280,物质基础,my_entity
e2281,机械车辆39台,my_entity
e2282,娄勤俭省长,my_entity
e2283,防范天气现象带来影响,my_entity
e2284,中小河流发生超警戒水位洪水,my_entity
e2285,重建力争,my_entity
e2286,冲锋舟,my_entity
e2287,自己,my_entity
e2288,甘南州市阴有到中雨,my_entity
e2289,刘国凯看到的,my_entity
e2290,云南盈江县盏达河水暴涨,my_entity
e2291,山东省卫计委,my_entity
e2292,数日暴雨导致24.7万人受灾,my_entity
e2293,一条便道,my_entity
e2294,抚顺三县四区共有52个乡镇受灾,my_entity
e2295,安徽省政府副省长,my_entity
e2296,全丰镇集镇,my_entity
e2297,雨量站超过50毫米,my_entity
e2298,处45,my_entity
e2299,城区观音桥水位,my_entity
e2300,衡阳市衡阳县,my_entity
e2301,沿河县,my_entity
e2302,湖南国省干线共有省道,my_entity
e2303,民政部门上报灾情快报,my_entity
e2304,至沿流域一带,my_entity
e2305,小河镇党委,my_entity
e2306,相关部门,my_entity
e2307,起湖南省内天气开始转晴,my_entity
e2308,一线指导,my_entity
e2309,修复水生态系统,my_entity
e2310,具体数字,my_entity
e2311,通讯员祝林书经济损失,my_entity
e2312,黍子作物,my_entity
e2313,秀修水县,my_entity
e2314,贵州陷灾害民政部,my_entity
e2315,中国农业部发布数据,my_entity
e2316,石阡县,my_entity
e2317,该县公安局指挥中心,my_entity
e2318,抢险工作取得阶段性成果,my_entity
e2319,来势之猛程度大,my_entity
e2320,洪涝灾害防治知识宣传,my_entity
e2321,白河县,my_entity
e2322,路况观察员赵亮,my_entity
e2323,侦查,my_entity
e2324,主要原因,my_entity
e2325,兴安盟局部,my_entity
e2326,绵阳方向,my_entity
e2327,全省有14个市州,my_entity
e2328,坍塌溃破,my_entity
e2329,妯娌黄良荣,my_entity
e2330,严重岳阳发生泥石流灾害,my_entity
e2331,前线指挥部,my_entity
e2332,下一步,my_entity
e2333,人亡,my_entity
e2334,保证流量洪水,my_entity
e2335,该县茶卡镇哈大村突发洪水,my_entity
e2336,九环线日均车流量,my_entity
e2337,山脉217国道中段,my_entity
e2338,东部地有大雨,my_entity
e2339,中新网合肥6月30日电吴兰张强,my_entity
e2340,紧急生活救助,my_entity
e2341,食品监督部门检验,my_entity
e2342,草路,my_entity
e2343,灾害造成舟曲县武装部,my_entity
e2344,降雨巨龙龙头,my_entity
e2345,手电筒,my_entity
e2346,级级自然灾害救助应急响应,my_entity
e2347,加境内丹江上游,my_entity
e2348,杨村乡,my_entity
e2349,灾害救助工作,my_entity
e2350,连日来张家口,my_entity
e2351,西江梧州站,my_entity
e2352,甘肃降雨集中期,my_entity
e2353,饮水问题,my_entity
e2354,鄱阳湖退水,my_entity
e2355,各地落实行政首长负责制,my_entity
e2356,在家,my_entity
e2357,防汛值班制度,my_entity
e2358,第9号台风苏拉影响,my_entity
e2359,江西莲花升坊159毫米,my_entity
e2360,偏岭镇乡镇,my_entity
e2361,超百年一遇洪水,my_entity
e2362,省长陈政高,my_entity
e2363,公众,my_entity
e2364,河南栾川县城,my_entity
e2365,畜禽,my_entity
e2366,出现江河水位,my_entity
e2367,村通讯,my_entity
e2368,城市积水,my_entity
e2369,众多人员伤亡,my_entity
e2370,汀江上游江河水位猛涨,my_entity
e2371,商南县青山镇,my_entity
e2372,各级各部门放在首位,my_entity
e2373,太湖县李杜282.3毫米,my_entity
e2374,来自河南省民政厅消息,my_entity
e2375,几个乡镇,my_entity
e2376,膝盖处,my_entity
e2377,百姓,my_entity
e2378,住宅选址,my_entity
e2379,陈先炜,my_entity
e2380,遭天水市中东部出现强降雨,my_entity
e2381,辽宁沈阳,my_entity
e2382,人们,my_entity
e2383,暴雨过程是降水天气过程,my_entity
e2384,国务院副总理回良玉,my_entity
e2385,非工程措施,my_entity
